reserve,impressions,demand_factor,WE,WF,revenue_mean,opt_reserve
0,2000,2.25,5,15,20.809722755205254,0.7716874549774813
15,2000,2.25,3,17,29.583470416185165,0.7867126451041587
25,2000,2.25,0,20,35.43648943050768,0.7954890654436291
50,2000,2.25,0,20,43.28206129013933,0.5
75,2000,2.25,0,20,44.111844730072725,0.75
80,2000,2.25,0,20,43.566245305111465,0.8
