reserve,impressions,demand_factor,WE,WF,revenue_mean,opt_reserve
0,2000,0.75,13,7,9.219133042823533,0.7575009118744293
15,2000,0.75,0,20,14.23637098706728,0.8001639688171037
25,2000,0.75,0,20,14.731991852701075,0.7914731060133817
50,2000,0.75,0,20,15.13088969298268,0.5
75,2000,0.75,0,20,15.00610343591886,0.75
80,2000,0.75,0,20,14.770931473883135,0.8
