reserve,impressions,demand_factor,WE,WF,revenue_mean,opt_reserve
0,2000,0.25,13,7,3.2610693755183378,0.7735083569698447
15,2000,0.25,0,20,5.319345637542583,0.7788706638991452
25,2000,0.25,0,20,5.404721862848755,0.8025093175021359
50,2000,0.25,0,20,5.333207378679108,0.5
75,2000,0.25,0,20,5.164173910732928,0.75
80,2000,0.25,1,19,5.086817125313179,0.8
