reserve,impressions,demand_factor,WE,WF,revenue_mean,opt_reserve
0,2000,0.5,11,9,5.8927984630302905,0.7582781086268889
15,2000,0.5,3,17,10.114963963914663,0.7632392068707117
25,2000,0.5,0,20,10.313261732105794,0.7945819583179604
50,2000,0.5,0,20,10.297398433391471,0.5
75,2000,0.5,0,20,10.198051122732368,0.75
80,2000,0.5,0,20,10.139991284961877,0.8
