reserve,impressions,demand_factor,WE,WF,revenue_mean,opt_reserve
0,2000,2.5,6,14,23.792527702571878,0.7793126880682768
15,2000,2.5,5,15,33.20481421975355,0.7576774661234459
25,2000,2.5,1,19,37.76316837842833,0.778037437738203
50,2000,2.5,0,20,46.217696702775896,0.5
75,2000,2.5,0,20,48.05496828615394,0.75
80,2000,2.5,0,20,49.03363577559643,0.8
